Date,Start Time,End Time,Slot Title,Quantity
05/07/2026,8:00 AM,8:10 AM,7TH GRADE CORE PRIORITY,2
05/07/2026,8:12 AM,8:22 AM,7TH GRADE CORE PRIORITY,2
05/07/2026,8:24 AM,8:34 AM,7TH GRADE CORE PRIORITY,2
05/07/2026,8:36 AM,8:46 AM,7TH GRADE CORE PRIORITY,2
05/07/2026,8:48 AM,8:58 AM,7TH GRADE CORE PRIORITY,2
05/07/2026,9:00 AM,9:10 AM,7TH GRADE CORE PRIORITY,2
05/07/2026,9:12 AM,9:22 AM,7TH GRADE CORE PRIORITY,2
05/07/2026,9:24 AM,9:34 AM,7TH GRADE CORE PRIORITY,2
05/07/2026,9:36 AM,9:46 AM,7TH GRADE CORE PRIORITY,2
05/07/2026,9:48 AM,9:58 AM,7TH GRADE CORE PRIORITY,2
05/07/2026,10:20 AM,10:30 AM,6TH GRADE CORE PRIORITY,2
05/07/2026,10:32 AM,10:42 AM,6TH GRADE CORE PRIORITY,2
05/07/2026,10:44 AM,10:54 AM,6TH GRADE CORE PRIORITY,2
05/07/2026,10:56 AM,11:06 AM,6TH GRADE CORE PRIORITY,2
05/07/2026,11:12 AM,11:22 AM,6TH GRADE CORE PRIORITY,1
05/07/2026,11:32 AM,11:42 AM,6TH GRADE CORE PRIORITY,2
05/07/2026,11:44 AM,11:54 AM,6TH GRADE CORE PRIORITY,2
05/07/2026,11:56 AM,12:06 PM,6TH GRADE CORE PRIORITY,2
05/07/2026,12:10 PM,12:20 PM,6TH GRADE CORE PRIORITY,1
05/07/2026,12:40 PM,12:50 PM,8TH GRADE CORE PRIORITY,2
05/07/2026,12:52 PM,1:02 PM,8TH GRADE CORE PRIORITY,2
05/07/2026,1:04 PM,1:14 PM,8TH GRADE CORE PRIORITY,2
05/07/2026,1:16 PM,1:26 PM,8TH GRADE CORE PRIORITY,2
05/07/2026,1:28 PM,1:38 PM,8TH GRADE CORE PRIORITY,2
05/07/2026,1:40 PM,1:50 PM,8TH GRADE CORE PRIORITY,2
05/07/2026,2:00 PM,2:10 PM,8TH GRADE CORE PRIORITY,1
05/07/2026,2:15 PM,2:25 PM,8TH GRADE CORE PRIORITY,1
05/07/2026,2:30 PM,2:40 PM,8TH GRADE CORE PRIORITY,2
05/07/2026,2:42 PM,2:52 PM,8TH GRADE CORE PRIORITY,2
05/08/2026,8:00 AM,8:10 AM,7TH GRADE CORE PRIORITY,2
05/08/2026,8:12 AM,8:22 AM,7TH GRADE CORE PRIORITY,2
05/08/2026,8:24 AM,8:34 AM,7TH GRADE CORE PRIORITY,2
05/08/2026,8:36 AM,8:46 AM,7TH GRADE CORE PRIORITY,2
05/08/2026,8:48 AM,8:58 AM,7TH GRADE CORE PRIORITY,2
05/08/2026,9:00 AM,9:10 AM,7TH GRADE CORE PRIORITY,2
05/08/2026,9:12 AM,9:22 AM,7TH GRADE CORE PRIORITY,2
05/08/2026,9:24 AM,9:34 AM,7TH GRADE CORE PRIORITY,2
05/08/2026,9:36 AM,9:46 AM,7TH GRADE CORE PRIORITY,2
05/08/2026,9:48 AM,9:58 AM,7TH GRADE CORE PRIORITY,2
05/08/2026,10:20 AM,10:30 AM,6TH GRADE CORE PRIORITY,2
05/08/2026,10:32 AM,10:42 AM,6TH GRADE CORE PRIORITY,2
05/08/2026,10:44 AM,10:54 AM,6TH GRADE CORE PRIORITY,2
05/08/2026,10:56 AM,11:06 AM,6TH GRADE CORE PRIORITY,2
05/08/2026,11:12 AM,11:22 AM,6TH GRADE CORE PRIORITY,1
05/08/2026,11:32 AM,11:42 AM,6TH GRADE CORE PRIORITY,2
05/08/2026,11:44 AM,11:54 AM,6TH GRADE CORE PRIORITY,2
05/08/2026,11:56 AM,12:06 PM,6TH GRADE CORE PRIORITY,2
05/08/2026,12:10 PM,12:20 PM,6TH GRADE CORE PRIORITY,1
05/08/2026,12:40 PM,12:50 PM,8TH GRADE CORE PRIORITY,2
05/08/2026,12:52 PM,1:02 PM,8TH GRADE CORE PRIORITY,2
05/08/2026,1:04 PM,1:14 PM,8TH GRADE CORE PRIORITY,2
05/08/2026,1:16 PM,1:26 PM,8TH GRADE CORE PRIORITY,2
05/08/2026,1:28 PM,1:38 PM,8TH GRADE CORE PRIORITY,2
05/08/2026,1:40 PM,1:50 PM,8TH GRADE CORE PRIORITY,2
05/08/2026,2:00 PM,2:10 PM,8TH GRADE CORE PRIORITY,1
05/08/2026,2:15 PM,2:25 PM,8TH GRADE CORE PRIORITY,1
05/08/2026,2:30 PM,2:40 PM,8TH GRADE CORE PRIORITY,2
05/08/2026,2:42 PM,2:52 PM,8TH GRADE CORE PRIORITY,2
